{
  "project_info": {
    "project_number": "871425177647",
    "firebase_url": "https://taxcalculator-b39ef.firebaseio.com",
    "project_id": "taxcalculator-b39ef",
    "storage_bucket": "taxcalculator-b39ef.appspot.com"
  },
  "client": [
    {
      "client_info": {
        "mobilesdk_app_id": "1:871425177647:android:b42d47329abc49b09c2eda",
        "android_client_info": {
          "package_name": "com.example.taxcalculator"
        }
      },
      "oauth_client": [
        {
          "client_id": "871425177647-rfcl4nf1l38ud1p35bf5rvj9p30l6sbh.apps.googleusercontent.com",
          "client_type": 1,
          "android_info": {
            "package_name": "com.example.taxcalculator",
            "certificate_hash": "17eca03ceb3d6555c39df548b501af403e391152"
          }
        },
        {
          "client_id": "871425177647-it5sdi7ucru5vmjtbtdq6v2bboacc8me.apps.googleusercontent.com",
          "client_type": 3
        }
      ],
      "api_key": [
        {
          "current_key": "AIzaSyA0K3WryPE038kQiGd7BczX-m6DmL1u0Hk"
        }
      ],
      "services": {
        "appinvite_service": {
          "other_platform_oauth_client": [
            {
              "client_id": "871425177647-it5sdi7ucru5vmjtbtdq6v2bboacc8me.apps.googleusercontent.com",
              "client_type": 3
            }
          ]
        }
      }
    }
  ],
  "configuration_version": "1"
}